日期,上证-收盘价,上证-涨跌幅,深证-收盘价,深证-涨跌幅,主力净流入-净额,主力净流入-净占比,超大单净流入-净额,超大单净流入-净占比,大单净流入-净额,大单净流入-净占比,中单净流入-净额,中单净流入-净占比,小单净流入-净额,小单净流入-净占比
2024-10-08,3489.78,4.59,11495.1,9.17,-214840467456.0,-6.22,-156262842368.0,-4.53,-58577625088.0,-1.7,86674997248.0,2.51,128165470208.0,3.71
2024-10-09,3258.86,-6.62,10557.81,-8.15,-214006583296.0,-7.28,-128960700416.0,-4.39,-85045882880.0,-2.89,52092219392.0,1.77,161914351616.0,5.51
2024-10-10,3301.93,1.32,10471.08,-0.82,-60139020288.0,-2.81,-31675404288.0,-1.48,-28463616000.0,-1.33,6361354240.0,0.3,53777666048.0,2.51
2024-10-11,3217.74,-2.55,10060.74,-3.92,-97384894464.0,-6.19,-50226839552.0,-3.2,-47158054912.0,-3.0,21696983040.0,1.38,75687919616.0,4.81
2024-10-14,3284.32,2.07,10327.4,2.65,-871071744.0,-0.05,7743324160.0,0.47,-8614395904.0,-0.53,-6660050944.0,-0.41,7531130880.0,0.46
2024-10-15,3201.29,-2.53,10066.52,-2.53,-69878038528.0,-4.27,-33331748864.0,-2.04,-36546289664.0,-2.24,17188429824.0,1.05,52689612800.0,3.22
2024-10-16,3202.95,0.05,9965.02,-1.01,-29878943744.0,-2.17,-7915241472.0,-0.58,-21963702272.0,-1.6,-1433354240.0,-0.1,31312297984.0,2.28
2024-10-17,3169.38,-1.05,9891.76,-0.74,-40681807872.0,-2.73,-13836541952.0,-0.93,-26845265920.0,-1.8,6657265664.0,0.45,34024546304.0,2.28
2024-10-18,3261.56,2.91,10357.68,4.71,41877557248.0,2.0,48065953792.0,2.29,-6188396544.0,-0.3,-40349990912.0,-1.92,-1527566336.0,-0.07
2024-10-21,3268.11,0.2,10470.91,1.09,-42358317056.0,-1.94,-17975320576.0,-0.82,-24382996480.0,-1.12,12543070208.0,0.57,29815246848.0,1.37
2024-10-22,3285.87,0.54,10559.51,0.85,-52876558336.0,-2.76,-20889616384.0,-1.09,-31986941952.0,-1.67,9390710784.0,0.49,43485843456.0,2.27
2024-10-23,3302.8,0.52,10576.41,0.16,-47957458944.0,-2.49,-18797981696.0,-0.98,-29159477248.0,-1.51,1354158080.0,0.07,46603296768.0,2.42
2024-10-24,3280.26,-0.68,10441.75,-1.27,-61309857792.0,-4.03,-30404435968.0,-2.0,-30905421824.0,-2.03,8441405440.0,0.56,52868452352.0,3.48
2024-10-25,3299.7,0.59,10619.85,1.71,-1904140288.0,-0.11,12644483072.0,0.71,-14548623360.0,-0.82,-15874392064.0,-0.9,17778536448.0,1.0
2024-10-28,3322.2,0.68,10685.89,0.62,-26332463104.0,-1.41,-8785666048.0,-0.47,-17546797056.0,-0.94,2245210112.0,0.12,24087257088.0,1.29
2024-10-29,3286.41,-1.08,10543.33,-1.33,-108422795264.0,-5.26,-51281805312.0,-2.49,-57140989952.0,-2.77,18104307712.0,0.88,90318491648.0,4.38
2024-10-30,3266.24,-0.61,10530.85,-0.12,-55361789952.0,-3.0,-26019217408.0,-1.41,-29342572544.0,-1.59,3650146304.0,0.2,51711647744.0,2.8
2024-10-31,3279.82,0.42,10591.22,0.57,-37201817600.0,-1.68,-13500014592.0,-0.61,-23701803008.0,-1.07,2337378304.0,0.11,34864439296.0,1.57
2024-11-01,3272.01,-0.24,10455.5,-1.28,-129174994944.0,-5.79,-68903137280.0,-3.09,-60271857664.0,-2.7,20389748736.0,0.91,108785250304.0,4.88
2024-11-04,3310.21,1.17,10663.1,1.99,-2784800768.0,-0.16,4037513216.0,0.24,-6822313984.0,-0.4,-9495990272.0,-0.56,12280795136.0,0.72
2024-11-05,3386.99,2.32,11006.94,3.22,18961518592.0,0.82,28774051840.0,1.25,-9812533248.0,-0.43,-25849851904.0,-1.12,6888337408.0,0.3
2024-11-06,3383.81,-0.09,10968.14,-0.35,-98852446208.0,-3.86,-45458391040.0,-1.77,-53394055168.0,-2.08,15597432832.0,0.61,83255009280.0,3.25
2024-11-07,3470.66,2.57,11235.92,2.44,-10011082752.0,-0.4,3308736512.0,0.13,-13319819264.0,-0.53,-11306401792.0,-0.45,21317484544.0,0.85
2024-11-08,3452.3,-0.53,11161.7,-0.66,-101951979520.0,-3.8,-52742070272.0,-1.97,-49209909248.0,-1.84,17253416960.0,0.64,84698554368.0,3.16
2024-11-11,3470.07,0.51,11388.57,2.03,-19546234880.0,-0.78,-2925674496.0,-0.12,-16620560384.0,-0.66,-4915445760.0,-0.2,24461680640.0,0.98
2024-11-12,3421.97,-1.39,11314.46,-0.65,-149125193728.0,-5.85,-83453849600.0,-3.27,-65671344128.0,-2.57,32556146688.0,1.28,116569042944.0,4.57
2024-11-13,3439.28,0.51,11359.29,0.4,-58207072256.0,-2.9,-26408054784.0,-1.31,-31799017472.0,-1.58,789106688.0,0.04,57417969664.0,2.86
2024-11-14,3379.84,-1.73,11037.78,-2.83,-130528444416.0,-7.1,-74284855296.0,-4.04,-56243589120.0,-3.06,22672044032.0,1.23,107856400384.0,5.87
2024-11-15,3330.73,-1.45,10748.97,-2.62,-92155088896.0,-5.05,-41601683456.0,-2.28,-50553405440.0,-2.77,4298932224.0,0.24,87856152576.0,4.81
2024-11-18,3323.85,-0.21,10544.02,-1.91,-80988352512.0,-4.61,-43878440960.0,-2.5,-37109911552.0,-2.11,10282561536.0,0.59,70705790976.0,4.02
2024-11-19,3346.01,0.67,10743.84,1.9,-27608530944.0,-1.77,-15317762048.0,-0.98,-12290768896.0,-0.79,-2387640320.0,-0.15,29996163072.0,1.93
2024-11-20,3367.99,0.66,10827.19,0.78,9320333312.0,0.58,17814151168.0,1.1,-8493817856.0,-0.53,-4878135296.0,-0.3,-4442202112.0,-0.28
2024-11-21,3370.4,0.07,10819.88,-0.07,-41715650560.0,-2.59,-13568954368.0,-0.84,-28146696192.0,-1.75,487800832.0,0.03,41227845632.0,2.56
2024-11-22,3267.19,-3.06,10438.72,-3.52,-111458627584.0,-6.23,-52999626752.0,-2.96,-58459000832.0,-3.27,11606552576.0,0.65,99852079104.0,5.58
2024-11-25,3263.76,-0.1,10420.52,-0.17,-41448057600.0,-2.78,-20471470848.0,-1.37,-20976586752.0,-1.41,-136904704.0,-0.01,41584967680.0,2.79
2024-11-26,3259.76,-0.12,10333.23,-0.84,-52173992960.0,-4.0,-26482508800.0,-2.03,-25691484160.0,-1.97,6375931904.0,0.49,45798060032.0,3.51
2024-11-27,3309.78,1.53,10566.1,2.25,2131228416.0,0.15,11614742272.0,0.8,-9483513856.0,-0.65,-13683171328.0,-0.94,11551940608.0,0.79
2024-11-28,3295.7,-0.43,10432.54,-1.26,-41113413888.0,-2.76,-16937916672.0,-1.14,-24175497216.0,-1.62,3668914176.0,0.25,37444501504.0,2.51
2024-11-29,3326.46,0.93,10611.72,1.72,13868638208.0,0.81,23966793728.0,1.4,-10098155520.0,-0.59,-24951074816.0,-1.46,11082436608.0,0.65
2024-12-02,3363.98,1.13,10756.55,1.36,-5438337024.0,-0.3,6929969152.0,0.39,-12368306176.0,-0.69,-5508726784.0,-0.31,10947059712.0,0.61
2024-12-03,3378.81,0.44,10713.58,-0.4,-62564843520.0,-3.65,-30002757632.0,-1.75,-32562085888.0,-1.9,8515956736.0,0.5,54048882688.0,3.15
2024-12-04,3364.65,-0.42,10604.01,-1.02,-75123556352.0,-4.52,-33792589824.0,-2.03,-41330966528.0,-2.49,6310502400.0,0.38,68813049856.0,4.14
2024-12-05,3368.86,0.13,10634.49,0.29,-4854116352.0,-0.32,8300244992.0,0.55,-13154361344.0,-0.88,-11854274560.0,-0.79,16708382720.0,1.11
2024-12-06,3404.08,1.05,10791.34,1.47,-22303727616.0,-1.25,-1977810944.0,-0.11,-20325916672.0,-1.14,-8471388160.0,-0.47,30775115776.0,1.72
2024-12-09,3402.53,-0.05,10731.66,-0.55,-69064855552.0,-4.23,-36721635328.0,-2.25,-32343220224.0,-1.98,11883397120.0,0.73,57181458432.0,3.5
2024-12-10,3422.66,0.59,10812.58,0.75,-50165649408.0,-2.28,-17630769152.0,-0.8,-32534880256.0,-1.48,-9971875840.0,-0.45,60137525248.0,2.73
2024-12-11,3432.49,0.29,10848.42,0.33,-28281356288.0,-1.59,-7221989376.0,-0.41,-21059366912.0,-1.19,-7983165440.0,-0.45,36264521728.0,2.04
2024-12-12,3461.5,0.85,10957.13,1.0,-26994974720.0,-1.45,-4761976832.0,-0.26,-22232997888.0,-1.19,-8664702976.0,-0.46,35659673600.0,1.91
2024-12-13,3391.88,-2.01,10713.07,-2.23,-98221776896.0,-4.75,-46863872000.0,-2.26,-51357904896.0,-2.48,10290823168.0,0.5,87930949632.0,4.25
2024-12-16,3386.33,-0.16,10573.92,-1.3,-76598452224.0,-4.51,-31748182016.0,-1.87,-44850270208.0,-2.64,5660176384.0,0.33,70938271744.0,4.17
2024-12-17,3361.49,-0.73,10537.43,-0.35,-90831219456.0,-6.01,-43142527744.0,-2.86,-47688691712.0,-3.16,4827172864.0,0.32,86004043776.0,5.69
2024-12-18,3382.21,0.62,10584.27,0.44,-4989863168.0,-0.37,7569120000.0,0.56,-12558983168.0,-0.92,-10376384512.0,-0.76,15366246400.0,1.13
2024-12-19,3370.03,-0.36,10649.03,0.61,-23282011136.0,-1.61,34321408.0,0.0,-23316332544.0,-1.61,-10196054016.0,-0.71,33478066176.0,2.32
2024-12-20,3368.07,-0.06,10646.62,-0.02,-10725212160.0,-0.71,3142283264.0,0.21,-13867495424.0,-0.92,-9052069888.0,-0.6,19777282048.0,1.31
2024-12-23,3351.26,-0.5,10537.4,-1.03,-92779859968.0,-6.06,-46664826880.0,-3.05,-46115033088.0,-3.01,12973424640.0,0.85,79806431232.0,5.21
2024-12-24,3393.53,1.26,10671.43,1.27,-11797071104.0,-0.9,-818836736.0,-0.06,-10978234368.0,-0.84,-8276570112.0,-0.63,20073644032.0,1.54
2024-12-25,3393.35,-0.01,10603.1,-0.64,-56772046080.0,-4.43,-26939862272.0,-2.1,-29832183808.0,-2.33,3999940608.0,0.31,52772106240.0,4.12
2024-12-26,3398.08,0.14,10673.97,0.67,-3305968384.0,-0.26,7696080128.0,0.6,-11002048512.0,-0.86,-12773597184.0,-1.0,16079564800.0,1.26
2024-12-27,3400.14,0.06,10659.98,-0.13,-43984498688.0,-3.07,-21426626560.0,-1.49,-22557872128.0,-1.57,2746900480.0,0.19,41237598208.0,2.88
2024-12-30,3407.33,0.21,10671.16,0.1,-42249285888.0,-3.31,-20312469760.0,-1.59,-21936816128.0,-1.72,5020975104.0,0.39,37228310528.0,2.92
2024-12-31,3351.76,-1.63,10414.61,-2.4,-91948472320.0,-6.83,-52394706944.0,-3.89,-39553765376.0,-2.94,16852443136.0,1.25,75096035328.0,5.58
2025-01-02,3262.56,-2.66,10088.06,-3.14,-77981880832.0,-5.58,-37616370176.0,-2.69,-40365510656.0,-2.89,5532712960.0,0.4,72449171456.0,5.19
2025-01-03,3211.43,-1.57,9897.12,-1.89,-63015775232.0,-4.97,-29789924352.0,-2.35,-33225850880.0,-2.62,1119178752.0,0.09,61896593408.0,4.88
2025-01-06,3206.92,-0.14,9885.65,-0.12,-31044571648.0,-2.93,-12637557248.0,-1.19,-18407014400.0,-1.74,-1711300608.0,-0.16,32755867648.0,3.09
2025-01-07,3229.64,0.71,9998.76,1.14,11953553152.0,1.11,13592182528.0,1.26,-1638629376.0,-0.15,-8171102208.0,-0.76,-3782447104.0,-0.35
2025-01-08,3230.17,0.02,9944.64,-0.54,-29032236544.0,-2.34,-9794225664.0,-0.79,-19238010880.0,-1.55,-241152000.0,-0.02,29273387008.0,2.36
2025-01-09,3211.39,-0.58,9976.0,0.32,-6887280128.0,-0.62,4759708160.0,0.43,-11646988288.0,-1.05,-7076614144.0,-0.64,13963890688.0,1.26
2025-01-10,3168.52,-1.33,9795.94,-1.8,-47184863488.0,-4.11,-18739142912.0,-1.63,-28445720576.0,-2.48,-1931173888.0,-0.17,49116037120.0,4.28
2025-01-13,3160.76,-0.24,9796.18,0.0,-20747121408.0,-2.15,-8736977664.0,-0.9,-12010143744.0,-1.24,-3625062400.0,-0.38,24372178944.0,2.52
2025-01-14,3240.94,2.54,10165.17,3.77,53515738880.0,3.96,39648681728.0,2.94,13867057152.0,1.03,-22574895104.0,-1.67,-30940839936.0,-2.29
2025-01-15,3227.12,-0.43,10060.13,-1.03,-42053679616.0,-3.54,-17009572352.0,-1.43,-25044107264.0,-2.11,6522372096.0,0.55,35531300864.0,2.99
2025-01-16,3236.03,0.28,10101.1,0.41,-21020972544.0,-1.65,-6887810560.0,-0.54,-14133161984.0,-1.11,-938659840.0,-0.07,21959634944.0,1.72
2025-01-17,3241.82,0.18,10161.32,0.6,-14503384832.0,-1.28,-1314293504.0,-0.12,-13189091328.0,-1.16,-6729256960.0,-0.59,21232635904.0,1.87
2025-01-20,3244.38,0.08,10256.4,0.94,-15649097728.0,-1.32,-4626987008.0,-0.39,-11022110720.0,-0.93,-5756743680.0,-0.49,21405847552.0,1.81
2025-01-21,3242.62,-0.05,10305.69,0.48,-11359405824.0,-0.94,77883648.0,0.01,-11437289472.0,-0.95,-5403680768.0,-0.45,16763080704.0,1.39
2025-01-22,3213.62,-0.89,10225.87,-0.77,-36337852928.0,-3.2,-16155881984.0,-1.42,-20181970944.0,-1.78,-547762176.0,-0.05,36885622784.0,3.25
2025-01-23,3230.16,0.51,10176.17,-0.49,-29288158720.0,-2.16,-13495354880.0,-1.0,-15792803840.0,-1.17,-2816929792.0,-0.21,32105095168.0,2.37
2025-01-24,3252.63,0.7,10292.73,1.15,17308386816.0,1.42,19332728320.0,1.58,-2024341504.0,-0.17,-20035694592.0,-1.64,2727309312.0,0.22
2025-01-27,3250.6,-0.06,10156.07,-1.33,-54558739968.0,-4.88,-33364540928.0,-2.98,-21194199040.0,-1.9,15149334528.0,1.36,39409410048.0,3.53
2025-02-05,3229.49,-0.65,10164.22,0.08,-7875410944.0,-0.61,5090145280.0,0.39,-12965556224.0,-1.01,-7968653312.0,-0.62,15844061184.0,1.23
2025-02-06,3270.66,1.27,10393.63,2.26,21623037952.0,1.41,21737177088.0,1.42,-114139136.0,-0.01,-17268641792.0,-1.12,-4354387968.0,-0.28
2025-02-07,3303.67,1.01,10576.0,1.75,-13536989184.0,-0.69,6495567872.0,0.33,-20032557056.0,-1.02,-10810376192.0,-0.55,24347369472.0,1.24
2025-02-10,3322.17,0.56,10631.25,0.52,-16173232128.0,-0.93,-4259987456.0,-0.25,-11913244672.0,-0.69,3861467136.0,0.22,12311769088.0,0.71
2025-02-11,3318.06,-0.12,10557.62,-0.69,-65063907328.0,-3.98,-31341563904.0,-1.92,-33722343424.0,-2.06,11316031488.0,0.69,53747875840.0,3.29
2025-02-12,3346.39,0.85,10708.88,1.43,-7391891456.0,-0.44,7010697216.0,0.42,-14402588672.0,-0.86,-8786132992.0,-0.52,16178028544.0,0.96
2025-02-13,3332.48,-0.42,10626.62,-0.77,-66221264896.0,-3.64,-31509848064.0,-1.73,-34711416832.0,-1.91,10049978368.0,0.55,56171286528.0,3.09
2025-02-14,3346.72,0.43,10749.46,1.16,-35532808192.0,-2.07,-10652766208.0,-0.62,-24880041984.0,-1.45,-1905467392.0,-0.11,37438275584.0,2.18
2025-02-17,3355.83,0.27,10791.06,0.39,-39266668544.0,-2.02,-17253777408.0,-0.89,-22012891136.0,-1.13,6880206848.0,0.35,32386457600.0,1.67
2025-02-18,3324.49,-0.93,10617.26,-1.61,-102143008768.0,-5.68,-52015632384.0,-2.89,-50127376384.0,-2.79,13543043072.0,0.75,88599957504.0,4.92
2025-02-19,3351.54,0.81,10772.65,1.46,9908457472.0,0.58,16554008576.0,0.96,-6645551104.0,-0.39,-15049867264.0,-0.87,5141409792.0,0.3
2025-02-20,3350.78,-0.02,10794.55,0.2,-36584636416.0,-2.08,-14703702016.0,-0.84,-21880934400.0,-1.25,6948155392.0,0.4,29636476928.0,1.69
2025-02-21,3379.11,0.85,10991.37,1.82,-450670592.0,-0.02,16001064960.0,0.73,-16451735552.0,-0.75,-15468994560.0,-0.71,15919661056.0,0.73
2025-02-24,3373.03,-0.18,10983.04,-0.08,-65729875968.0,-3.16,-36264288256.0,-1.74,-29465587712.0,-1.42,14346264576.0,0.69,51383619584.0,2.47
2025-02-25,3346.04,-0.8,10854.5,-1.17,-54906998784.0,-2.89,-23106400256.0,-1.22,-31800598528.0,-1.68,2927996928.0,0.15,51979005952.0,2.74
2025-02-26,3380.21,1.02,10955.65,0.93,-9545408512.0,-0.49,2620989440.0,0.14,-12166397952.0,-0.63,-6461382656.0,-0.33,16006795264.0,0.83
2025-02-27,3388.06,0.23,10927.51,-0.26,-87312945152.0,-4.36,-49426972672.0,-2.47,-37885972480.0,-1.89,17556586496.0,0.88,69756354560.0,3.48
2025-02-28,3320.9,-1.98,10611.24,-2.89,-130663522304.0,-7.0,-69844324352.0,-3.74,-60819197952.0,-3.26,21733298176.0,1.16,108930228224.0,5.83
2025-03-03,3316.93,-0.12,10649.59,0.36,-35105050624.0,-2.16,-13247000576.0,-0.82,-21858050048.0,-1.35,-1361121280.0,-0.08,36466171904.0,2.24
2025-03-04,3324.21,0.22,10679.44,0.28,-6945762560.0,-0.48,3825476352.0,0.27,-10771238912.0,-0.75,-8194510848.0,-0.57,15140278272.0,1.05
2025-03-05,3341.96,0.53,10709.46,0.28,-18776625152.0,-1.26,-1873379328.0,-0.13,-16903245824.0,-1.13,1743298560.0,0.12,17033318400.0,1.14
2025-03-06,3381.1,1.17,10898.75,1.77,39306608640.0,2.06,39356649472.0,2.06,-50040832.0,-0.0,-26588176384.0,-1.39,-12718432256.0,-0.67
2025-03-07,3372.55,-0.25,10843.73,-0.5,-77709516800.0,-4.27,-37339463680.0,-2.05,-40370053120.0,-2.22,8993185792.0,0.49,68716343296.0,3.78
2025-03-10,3366.16,-0.19,10825.7,-0.17,-26864685056.0,-1.78,-16726802432.0,-1.11,-10137882624.0,-0.67,5826252800.0,0.39,21038432256.0,1.4
2025-03-11,3379.83,0.41,10861.16,0.33,-18531807232.0,-1.25,-3555942400.0,-0.24,-14975864832.0,-1.01,-4632055808.0,-0.31,23163863040.0,1.56
2025-03-12,3371.92,-0.23,10843.23,-0.17,-11876560896.0,-0.71,76414976.0,0.0,-11952975872.0,-0.71,-6513799168.0,-0.39,18390364160.0,1.09
2025-03-13,3358.73,-0.39,10736.19,-0.99,-90879709184.0,-5.66,-47886798848.0,-2.98,-42992910336.0,-2.68,11038126080.0,0.69,79841579008.0,4.97
2025-03-14,3419.56,1.81,10978.3,2.26,47063969792.0,2.63,39199547392.0,2.19,7864422400.0,0.44,-28071407616.0,-1.57,-18992553984.0,-1.06
2025-03-17,3426.13,0.19,10957.82,-0.19,-35322753024.0,-2.25,-18178920448.0,-1.16,-17143832576.0,-1.09,9071153152.0,0.58,26251599872.0,1.67
2025-03-18,3429.76,0.11,11014.75,0.52,-28286349312.0,-1.86,-9027235840.0,-0.59,-19259113472.0,-1.27,-2415890432.0,-0.16,30702239744.0,2.02
2025-03-19,3426.43,-0.1,10979.05,-0.32,-57397952768.0,-3.91,-28688306432.0,-1.96,-28709646336.0,-1.96,7528943616.0,0.51,49869008896.0,3.4
2025-03-20,3408.95,-0.51,10879.49,-0.91,-35842526464.0,-2.49,-14567644416.0,-1.01,-21274882048.0,-1.48,182894592.0,0.01,35659636736.0,2.47
2025-03-21,3364.83,-1.29,10687.55,-1.76,-96221708544.0,-6.2,-50771431680.0,-3.27,-45450276864.0,-2.93,13375598592.0,0.86,82846113792.0,5.34
2025-03-24,3370.03,0.15,10695.49,0.07,-66572431360.0,-4.59,-29980246016.0,-2.07,-36592185344.0,-2.52,1022791680.0,0.07,65549635584.0,4.52
2025-03-25,3369.98,0.0,10649.08,-0.43,-36644277504.0,-2.91,-17559096576.0,-1.4,-19085180928.0,-1.52,4058001408.0,0.32,32586276864.0,2.59
2025-03-26,3368.7,-0.04,10643.82,-0.05,-12637829376.0,-1.09,680859392.0,0.06,-13318688768.0,-1.15,-7006527488.0,-0.61,19644358656.0,1.7
2025-03-27,3373.75,0.15,10668.1,0.23,-28390642944.0,-2.38,-9345348864.0,-0.78,-19045294080.0,-1.6,-2643070976.0,-0.22,31033712640.0,2.61
2025-03-28,3351.31,-0.67,10607.33,-0.57,-42187057152.0,-3.77,-19418105856.0,-1.74,-22768951296.0,-2.03,3610816512.0,0.32,38576242688.0,3.45
2025-03-31,3335.75,-0.46,10504.33,-0.97,-48844111872.0,-4.0,-23280738304.0,-1.91,-25563373568.0,-2.09,1698811904.0,0.14,47145299968.0,3.86
2025-04-01,3348.44,0.38,10503.66,-0.01,-14869785344.0,-1.31,-3406105344.0,-0.3,-11463680000.0,-1.01,-3335684096.0,-0.29,18205470720.0,1.61
2025-04-02,3350.13,0.05,10513.12,0.09,-12860613376.0,-1.32,-1211933440.0,-0.12,-11648679936.0,-1.2,-6452293632.0,-0.66,19312906240.0,1.98
2025-04-03,3342.01,-0.24,10365.73,-1.4,-40163963136.0,-3.53,-17377775872.0,-1.53,-22786187264.0,-2.0,2348199936.0,0.21,37815767040.0,3.32
