date,stock_code,open,close,high,low,volume,amount,amplitude,pct_change,change,turnover,volume_log,volume_log_diff,p_SMA:5,p_WMA:5,p_EMA:5,v_log_SMA:5,v_log_WMA:5,v_log_EMA:5,p_SMA:10,p_WMA:10,p_EMA:10,v_log_SMA:10,v_log_WMA:10,v_log_EMA:10,p_SMA:20,p_WMA:20,p_EMA:20,v_log_SMA:20,v_log_WMA:20,v_log_EMA:20,p_SMA:30,p_WMA:30,p_EMA:30,v_log_SMA:30,v_log_WMA:30,v_log_EMA:30,p_SMA:60,p_WMA:60,p_EMA:60,v_log_SMA:60,v_log_WMA:60,v_log_EMA:60,amount_log
2025-01-27,sz001395,65.0,49.5,69.0,48.68,147706,859765177.93,106.5,159.43,30.42,76.57,5.169398137248076,0.0,49.5,49.5,49.5,5.169398137248076,5.169398137248076,5.169398137248076,49.5,49.5,49.5,5.169398137248076,5.169398137248076,5.169398137248076,49.5,49.5,49.5,5.169398137248076,5.169398137248076,5.169398137248076,49.5,49.5,49.5,5.169398137248076,5.169398137248076,5.169398137248076,49.5,49.5,49.5,5.169398137248076,5.169398137248076,5.169398137248076,8.934379851412412
2025-02-05,sz001395,48.0,41.5,48.0,41.25,108997,472295514.49,13.64,-16.16,-8.0,56.5,5.037414544716994,-0.13198359253108194,45.5,44.166666666666664,46.83333333333334,5.103406340982535,5.081409075560688,5.125403606404383,45.5,44.166666666666664,48.04545454545455,5.103406340982535,5.081409075560688,5.145401120424243,45.5,44.166666666666664,48.738095238095234,5.103406340982535,5.081409075560688,5.156828271292735,45.5,44.166666666666664,48.98387096774194,5.103406340982535,5.081409075560688,5.1608830667622,45.5,44.166666666666664,49.23770491803278,5.103406340982535,5.081409075560688,5.165070806345418,8.674213820991707
2025-02-06,sz001395,39.51,40.91,42.95,39.5,81292,332327151.66,8.31,-1.42,-0.59,42.14,4.910047808486977,-0.12736673623001682,43.97,42.538333333333334,44.8588888888889,5.038953496817349,4.995728442023832,5.053618340431915,43.97,42.538333333333334,46.74809917355372,5.038953496817349,4.995728442023832,5.102609609162921,43.97,42.538333333333334,47.99256235827664,5.038953496817349,4.995728442023832,5.133325370073139,43.97,42.538333333333334,48.46297606659731,5.038953496817349,4.995728442023832,5.144700146873477,43.97,42.538333333333334,48.964665412523516,5.038953496817349,4.995728442023832,5.156709396579568,8.521565825282305
2025-02-07,sz001395,40.51,46.86,55.69,40.03,138798,642196354.93,38.28,14.54,5.95,71.95,5.14238320822819,0.23233539974121253,44.692499999999995,44.266999999999996,45.52592592592593,5.064810924670059,5.054390348505575,5.08320662969734,44.692499999999995,44.266999999999996,46.768444778362124,5.064810924670059,5.054390348505575,5.109841172629333,44.692499999999995,44.266999999999996,47.88469927653601,5.064810924670059,5.054390348505575,5.134188021326001,44.692499999999995,44.266999999999996,48.359558255849095,5.064810924670059,5.054390348505575,5.144550666960878,44.692499999999995,44.266999999999996,48.89565998916209,5.064810924670059,5.054390348505575,5.15623968548608,8.80766783620669
2025-02-10,sz001395,43.86,42.67,45.33,42.57,110442,479960609.1,5.89,-8.94,-4.19,57.25,5.043134262700104,-0.09924894552808627,44.288,43.73466666666666,44.573950617283955,5.0604755922760685,5.050638319903752,5.069849174031595,44.288,43.73466666666666,46.0232730004781,5.0604755922760685,5.050638319903752,5.097712643551292,44.288,43.73466666666666,47.38806125019925,5.0604755922760685,5.050638319903752,5.125516234790202,44.288,43.73466666666666,47.99248998127818,5.0604755922760685,5.050638319903752,5.1380076731376025,44.288,43.73466666666666,48.69153998951743,5.0604755922760685,5.050638319903752,5.152531310968507,8.681205595807892
2025-02-11,sz001395,41.52,40.68,41.99,40.58,79486,326666293.94,3.3,-4.66,-1.99,41.21,4.900290642390228,-0.14284362030987552,42.524,42.532000000000004,43.27596707818931,5.0066540933044985,4.997243336608472,5.013329663484473,43.68666666666667,42.86190476190476,45.05176881857299,5.033778100628428,5.007681840614174,5.0618177342492805,43.68666666666667,42.86190476190476,46.7491982739898,5.033778100628428,5.007681840614174,5.1040661783711565,43.68666666666667,42.86190476190476,47.52071643409895,5.033778100628428,5.007681840614174,5.1226710905087405,43.68666666666667,42.86190476190476,48.428866547238165,5.033778100628428,5.007681840614174,5.144261125113481,8.514104325442545
2025-02-12,sz001395,40.88,40.7,41.45,40.57,42938,175472046.5,2.16,0.05,0.02,22.26,4.6328418116607235,-0.26744883072950465,42.364,41.924,42.41731138545954,4.925739546693245,4.872639242727214,4.886500379543223,43.26,42.32142857142857,44.26053812428699,4.976501487918756,4.913971833375811,4.9838221119604516,43.26,42.32142857142857,46.17308415265743,4.976501487918756,4.913971833375811,5.059187667255877,43.26,42.32142857142857,47.080670212544184,4.976501487918756,4.913971833375811,5.091069201550804,43.26,42.32142857142857,48.175461086672975,4.976501487918756,4.913971833375811,5.127493278770767,8.24420794121363
2025-02-13,sz001395,40.29,39.84,40.6,39.71,42791,171056362.56,2.19,-2.11,-0.86,22.18,4.631352435804037,-0.0014893758566865145,42.15,41.08266666666667,41.55820759030637,4.870000472156656,4.774510205764144,4.801451064963494,42.8325,41.77000000000001,43.45680391987117,4.933357856404417,4.851167522804306,4.919736716295648,42.8325,41.77000000000001,45.56993328097577,4.933357856404417,4.851167522804306,5.018441454736655,42.8325,41.77000000000001,46.61353019883166,4.933357856404417,4.851167522804306,5.061410055373593,42.8325,41.77000000000001,47.90216728055255,4.933357856404417,4.851167522804306,5.111226365886612,8.23313923270587
2025-02-14,sz001395,39.85,39.97,40.39,39.68,28249,112696763.91,1.78,0.33,0.13,14.64,4.4510030786273616,-0.18034935717667544,40.772,40.356,41.02880506020425,4.731724446236491,4.6348444079210465,4.684635069518117,42.51444444444444,41.410000000000004,42.82283957080368,4.879762881095854,4.771134633968917,4.834512418537777,42.51444444444444,41.410000000000004,45.036606301835214,4.879762881095854,4.771134633968917,4.964399704631008,42.51444444444444,41.410000000000004,46.18491534729414,4.879762881095854,4.771134633968917,5.022028960099643,42.51444444444444,41.410000000000004,47.64209622217377,4.879762881095854,4.771134633968917,5.089579700730571,8.051911445449763
2025-02-17,sz001395,39.88,39.92,40.25,39.57,27724,110474558.35,1.7,-0.13,-0.05,14.37,4.442855890175056,-0.008147188452305443,40.222,40.072,40.6592033734695,4.611668771731482,4.538554889233901,4.604042009737096,42.255,41.13909090909092,42.29505055793028,4.836072182003774,4.71144758964276,4.7633021406536455,42.255,41.13909090909092,44.54931046356519,4.836072182003774,4.71144758964276,4.914728865159013,42.255,41.13909090909092,45.78072726037194,4.836072182003774,4.71144758964276,4.98466295558838,42.255,41.13909090909092,47.388912739479544,4.836072182003774,4.71144758964276,5.068375641368095,8.043262274035722
2025-02-18,sz001395,39.91,40.03,40.68,39.71,42215,169725829.63,2.43,0.28,0.11,21.88,4.625466793609239,0.18261090343418296,40.092,40.008,40.449468915646335,4.556704001975284,4.5431542298598195,4.611183604361145,41.308,40.734545454545454,41.88322318376114,4.781679047639892,4.673155700843754,4.7382411684637535,42.052727272727275,40.95424242424243,44.11889994322566,4.816926237604272,4.697117456970506,4.887180096439987,42.052727272727275,40.95424242424243,45.40971259841247,4.816926237604272,4.697117456970506,4.961489009654242,42.052727272727275,40.95424242424243,47.14763691195562,4.816926237604272,4.697117456970506,5.053854039802231,8.229747940209004
2025-02-19,sz001395,39.6,39.99,40.05,39.37,29177,116118920.98,1.7,-0.1,-0.04,15.13,4.4650406353838505,-0.16042615822538853,39.95,39.974000000000004,40.296312610430896,4.523143766719909,4.512599774329343,4.562469281368713,41.157,40.4949090909091,41.53900078671366,4.724441656706577,4.615585080433564,4.6885683442674075,41.880833333333335,40.80589743589744,43.725671377204165,4.7876024374192365,4.661413330572559,4.846976338244165,41.880833333333335,40.80589743589744,45.060053721095535,4.7876024374192365,4.661413330572559,4.929460082281959,41.880833333333335,40.80589743589744,46.9129602918915,4.7876024374192365,4.661413330572559,5.034548682280317,8.064902991553287
2025-02-20,sz001395,41.01,40.23,41.37,40.22,43465,176693000.33,2.88,0.6,0.24,22.53,4.638139683961196,0.17309904857734537,40.028000000000006,40.06733333333333,40.27420840695393,4.524501216351341,4.550931746743105,4.587692748899541,41.089,40.32636363636363,41.301000643674804,4.697250844253999,4.599893812661677,4.679399496939006,41.75384615384615,40.72362637362638,43.39275029366091,4.776105302537848,4.658088523913793,4.827087133074358,41.75384615384615,40.72362637362638,44.7484373519926,4.776105302537848,4.658088523913793,4.910665217874167,41.75384615384615,40.72362637362638,46.69384683969834,4.776105302537848,4.658088523913793,5.021551665941985,8.247219345328675
2025-02-21,sz001395,39.91,40.0,40.04,39.44,33571,133444007.37,1.49,-0.57,-0.23,17.4,4.525964278037216,-0.11217540592398034,40.034000000000006,40.058,40.18280560463596,4.539493456233311,4.55141943397173,4.567116591945433,40.403000000000006,40.12836363636364,41.064455072097566,4.635608951234902,4.568750800622262,4.651502184411407,41.628571428571426,40.62714285714286,43.06963121807416,4.7582380865020895,4.640471957796915,4.798408765927964,41.628571428571426,40.62714285714286,44.44208655508985,4.7582380865020895,4.640471957796915,4.885845802400816,41.628571428571426,40.62714285714286,46.4743764515115,4.7582380865020895,4.640471957796915,5.005302899125435,8.125299075503987
2025-02-24,sz001395,39.79,39.76,40.08,39.61,21265,84658656.68,1.18,-0.6,-0.24,11.02,4.327665387050042,-0.19829889098717324,40.001999999999995,39.96666666666667,40.04187040309064,4.516455355608309,4.480810077577306,4.4872995236469695,40.112,40.01145454545455,40.827281422625276,4.564062063669895,4.51276106167956,4.59262276670934,41.504,40.51875,42.75442824492424,4.7295332398719525,4.601371136453556,4.753576063177685,41.504,40.51875,44.14001645476147,4.7295332398719525,4.601371136453556,4.849834162700766,41.504,40.51875,46.25423296129801,4.7295332398719525,4.601371136453556,4.983085275778701,7.927671373031306
2025-02-25,sz001395,39.39,39.87,40.2,39.3,35461,140543776.1,2.26,0.28,0.11,18.38,4.549750978539526,0.22208559148948392,39.97,39.92266666666667,39.9845802687271,4.501312192594366,4.491908618554379,4.508116675277822,40.031,39.96745454545454,40.653230254875226,4.529008097284825,4.510159046201312,4.58482789613301,41.401875,40.44242647058824,42.479720793026694,4.718296848538676,4.595298176698965,4.734164150355003,41.401875,40.44242647058824,43.864531522196216,4.718296848538676,4.595298176698965,4.830473957271009,41.401875,40.44242647058824,46.04491384781283,4.718296848538676,4.595298176698965,4.968877593902007,8.147811617888848
2025-02-26,sz001395,39.86,39.94,40.2,39.74,25967,103717760.46,1.15,0.18,0.07,13.46,4.414421777942561,-0.1353292005969653,39.96,39.912666666666674,39.9697201791514,4.4911884211061075,4.4629451470037775,4.476885042832736,39.955,39.950909090909086,40.52355202671609,4.507166093913009,4.489325169957264,4.553844965552928,41.31588235294117,40.38660130718954,42.23784262226225,4.700421844385964,4.575200799059364,4.703712495839532,41.31588235294117,40.38660130718954,43.61133594011905,4.700421844385964,4.575200799059364,4.803631881185302,41.31588235294117,40.38660130718954,45.84475273804847,4.700421844385964,4.575200799059364,4.950698714690222,8.015853130635255
2025-02-27,sz001395,39.98,40.41,40.74,39.62,40586,163687081.03,2.8,1.18,0.47,21.04,4.608376251033236,0.19395447309067482,39.995999999999995,40.062666666666665,40.11648011943427,4.485235734520517,4.502007756979486,4.520715445566236,40.01199999999999,40.03363636363636,40.502906203676794,4.504868475435929,4.507727016706396,4.563759744731166,41.26555555555555,40.38906432748538,42.06376237252299,4.695308200310812,4.578692951898719,4.694632853477028,41.26555555555555,40.38906432748538,43.404798137530726,4.695308200310812,4.578692951898719,4.7910347437561365,41.26555555555555,40.38906432748538,45.66656412368622,4.695308200310812,4.578692951898719,4.939475027357205,8.214014404159734
2025-02-28,sz001395,40.12,40.48,41.65,39.82,52327,213192540.97,4.53,0.17,0.07,27.13,4.718725836578127,0.11034958554489105,40.092,40.224,40.237653412956185,4.523788046228698,4.579837790998691,4.5867189092368665,40.063,40.11872727272727,40.49874143937192,4.531640751231005,4.5466101732777044,4.591935397794249,41.22421052631579,40.39815789473684,41.91292786085413,4.696540707482775,4.59269624036666,4.69692742329618,41.22421052631579,40.39815789473684,43.21610148349649,4.696540707482775,4.59269624036666,4.786369652970459,41.22421052631579,40.39815789473684,45.496512840942415,4.696540707482775,4.59269624036666,4.932237348971006,8.328772005831842
2025-03-03,sz001395,40.62,42.17,42.5,40.27,60382,249388505.93,5.51,4.17,1.69,31.3,4.78090749382419,0.06218165724606273,40.574,40.916666666666664,40.88176894197079,4.614436467583528,4.66554427353052,4.6514484374326415,40.288,40.50181818181818,40.80260663221338,4.565445911595918,4.591931399203738,4.626293960708784,41.271499999999996,40.56690476190476,41.93741092172517,4.700759046799847,4.61062112164833,4.7049255252512285,41.271499999999996,40.56690476190476,43.148611065206396,4.700759046799847,4.61062112164833,4.7860172556061835,41.271499999999996,40.56690476190476,45.38744684615742,4.700759046799847,4.61062112164833,4.927275714376028,8.39687643339991
2025-03-04,sz001395,41.72,41.51,43.35,41.35,49181,206597032.87,4.74,-1.57,-0.66,25.49,4.691797355026257,-0.08911013879793295,40.902,41.22866666666666,41.0911792946472,4.6428457428808745,4.691331236011431,4.6648980766305135,40.436,40.724000000000004,40.931223608174584,4.57207896773762,4.614904388918345,4.638203668766506,40.872,40.58961904761905,41.896705119656104,4.676879007688756,4.609767627193702,4.703675223325041,41.28285714285714,40.65264069264069,43.04289422228986,4.7003322995725325,4.618000779228141,4.779938552342963,41.28285714285714,40.65264069264069,45.260317441365366,4.7003322995725325,4.618000779228141,4.919555112430134,8.315124079925909
2025-03-05,sz001395,41.02,40.6,41.45,40.3,35634,145001391.76,2.77,-2.19,-0.91,18.47,4.551864575660665,-0.13993277936559156,41.034,41.128,40.92745286309813,4.670334302424495,4.661004180271361,4.627220242973898,40.497,40.75381818181818,40.87100113396102,4.580761361765301,4.611229044904354,4.622505651838171,40.827,40.56371428571428,41.77320939397457,4.6526015092359385,4.597861490810075,4.689217066404624,41.25181818181818,40.64806324110672,42.88528814343245,4.693583766667448,4.612249805004882,4.765224102234428,41.25181818181818,40.64806324110672,45.10752014820584,4.693583766667448,4.612249805004882,4.907499684995069,8.161372170723164
2025-03-06,sz001395,40.5,40.81,41.38,40.31,32581,132856814.57,2.64,0.52,0.21,16.89,4.512964409862515,-0.038900165798150255,41.114,41.05333333333333,40.88830190873209,4.65125193419035,4.608547549417367,4.5891349652701035,40.55499999999999,40.81072727272727,40.85991001869538,4.5682438343554335,4.598902326376574,4.602589062388052,40.822,40.56209523809524,41.68147516597699,4.632747339304716,4.584562719441177,4.6724310991149,41.232608695652175,40.661557971014496,42.75139858579165,4.68573075115419,4.603976022076352,4.748949283371724,41.232608695652175,40.661557971014496,44.96661784826466,4.68573075115419,4.603976022076352,4.894564102203837,8.123383835406027
2025-03-07,sz001395,40.66,40.2,40.68,40.04,24349,98331053.85,1.57,-1.49,-0.61,12.62,4.386481129682074,-0.12648328018044097,41.05800000000001,40.748666666666665,40.65886793915473,4.58480299281114,4.520290614581275,4.521583686740761,40.575,40.74618181818182,40.73992637893259,4.554295519519919,4.565854561890509,4.563296710986965,40.489,40.502857142857145,41.5403822930268,4.59495223537741,4.561108794715211,4.645197768692727,41.18958333333333,40.62463333333333,42.586792225417994,4.673262016926185,4.5865764306848105,4.725564241198199,41.18958333333333,40.62463333333333,44.810335295862544,4.673262016926185,4.5865764306848105,4.8779056440883695,7.992690693680456
2025-03-10,sz001395,40.25,40.51,40.6,40.25,16245,65662126.18,0.87,0.77,0.31,8.42,4.210719715681002,-0.17576141400107215,40.726,40.566,40.60924529276982,4.470765437182502,4.395596188871229,4.4179623630541744,40.65,40.73436363636364,40.69812158276302,4.542600952383015,4.503386233919796,4.499191802749516,40.38099999999999,40.50485714285715,41.44225064607187,4.553331508026455,4.524515221410791,4.603818906501134,41.1624,40.61581538461538,42.45280563022973,4.654760324876378,4.557664375684517,4.692348465358379,41.1624,40.61581538461538,44.6693406959982,4.654760324876378,4.557664375684517,4.856030695615996,7.817314941343237
2025-03-11,sz001395,40.2,40.64,40.73,39.99,18898,76265167.2,1.83,0.32,0.13,9.8,4.276415844653449,0.06569612897244692,40.552,40.53733333333333,40.61949686184655,4.387689135107941,4.330812991361544,4.370780190253933,40.727,40.73254545454545,40.687554022260656,4.515267438994407,4.45498894160533,4.458687083095685,40.379000000000005,40.529523809523816,41.36584582263645,4.522137768139616,4.498142301089552,4.57263766251564,41.142307692307696,40.617606837606836,42.335850428279436,4.640208614098572,4.536831151163697,4.665514102732255,41.142307692307696,40.617606837606836,44.53723116498187,4.640208614098572,4.536831151163697,4.837026930010667,7.8823262267234275
2025-03-12,sz001395,40.74,41.0,41.32,40.53,27181,111313683.96,1.94,0.89,0.36,14.09,4.434265430560305,0.15784958590685605,40.632,40.68666666666666,40.74633124123103,4.364169306087868,4.346338423179,4.391941937022724,40.833,40.782181818181826,40.744362381849626,4.517251804256182,4.44026130370822,4.454246782634707,40.394,40.58866666666667,41.33100336333774,4.512208949084595,4.48977350703438,4.55945935471037,41.13703703703704,40.64492063492063,42.249666529680766,4.632581088782341,4.529505028263454,4.650594833559871,41.13703703703704,40.64492063492063,44.42125637268738,4.632581088782341,4.529505028263454,4.823821634946721,8.046548556095901
2025-03-13,sz001395,41.49,40.92,41.98,40.46,29932,123353741.8,3.71,-0.2,-0.08,15.52,4.476135736550997,0.041870305990692636,40.654,40.782666666666664,40.804220827487356,4.356803571425565,4.383660566666708,4.420006536865483,40.884,40.79800000000001,40.7762964942406,4.504027752807958,4.43278565503455,4.4582265924376685,40.448,40.6387619047619,41.291860185877006,4.504448114121943,4.486337962983561,4.551523772028525,41.12928571428571,40.663891625615754,42.16388159228201,4.6269937547740785,4.525824387455699,4.639339407946395,41.12928571428571,40.663891625615754,44.3064610817796,4.6269937547740785,4.525824387455699,4.812422097294402,8.09115232787071
2025-03-14,sz001395,40.58,41.58,41.91,40.58,34713,144033908.16,3.25,1.61,0.66,17.99,4.540492148305367,0.06435641175436935,40.92999999999999,41.09133333333333,41.06281388499157,4.387605775150224,4.444890092293309,4.460168407345444,40.994,40.92454545454545,40.92242440437867,4.486204383980682,4.439415545124988,4.473183966231796,40.5285,40.74657142857143,41.31930207293634,4.508922567605844,4.4897707281438874,4.550473141197748,41.1448275862069,40.72496551724137,42.126211812134784,4.624010940757916,4.52680223817901,4.63296216538891,41.1448275862069,40.72496551724137,44.21706891516387,4.624010940757916,4.52680223817901,4.803506361261974,8.158464744826128
2025-03-17,sz001395,41.88,41.82,41.94,41.38,25831,107557671.26,1.35,0.58,0.24,13.39,4.412141219416652,-0.12835092888871458,41.19199999999999,41.388000000000005,41.31520925666105,4.427890075897354,4.453068573715452,4.444159344702514,40.958999999999996,41.07472727272727,41.0856199672189,4.449327756539928,4.425949515204256,4.462085284992678,40.6235,40.86957142857143,41.36698758979954,4.507386834067923,4.480553456887774,4.537298672456692,41.16733333333333,40.795612903225795,42.1064562113519,4.6169486167132066,4.519404753097567,4.618715652745538,41.16733333333333,40.795612903225795,44.13847649171588,4.6169486167132066,4.519404753097567,4.790674717267045,8.031641390707454
2025-03-18,sz001395,41.82,42.05,42.18,41.37,26977,112651618.75,1.94,0.55,0.23,13.98,4.4309936519375475,0.018852432520895412,41.474000000000004,41.674,41.5601395044407,4.458805637354173,4.454103099062183,4.4397707804475255,41.013,41.27309090909091,41.26096179136092,4.423247386231058,4.422616041640186,4.456432260800836,40.7245,41.00542857142857,41.43203639077102,4.4976631769843385,4.4732779157325,4.527174384788202,40.919,40.852559139784944,42.102813875135645,4.592335133869523,4.507407658595912,4.606604555919217,41.1958064516129,40.87401209677418,44.07000185264323,4.610950069462379,4.513879059275067,4.7788818954529635,8.05173743670913
2025-03-19,sz001395,41.81,42.24,42.88,41.59,42243,178409842.83,3.07,0.45,0.19,21.9,4.625754753209012,0.19476110127146473,41.722,41.92933333333334,41.78675966962714,4.497103501883915,4.509752804347129,4.501765438034688,41.177,41.49618181818182,41.4389687383862,4.430636403985892,4.459435562908905,4.487218168511413,40.836999999999996,41.1497619047619,41.50898530593568,4.505698882875597,4.485477113468183,4.53656299130447,40.943666666666665,40.93778494623656,42.111664592868834,4.578613140819257,4.509563763069427,4.607840052518559,41.2284375,40.956799242424246,44.01000179190083,4.611412715829462,4.5206594043619726,4.773861333412178,8.251418810627753
2025-03-20,sz001395,42.26,43.31,43.53,41.94,59231,254943774.23,3.76,2.53,1.07,30.7,4.772549064918772,0.1467943117097601,42.2,42.45866666666667,42.2945064464181,4.55638616755747,4.601567992025415,4.59202664699605,41.42700000000001,41.88400000000001,41.7791562404978,4.456594869491518,4.521601501260338,4.539096513312751,40.991,41.385285714285715,41.68051051489419,4.512419351923476,4.510891416519914,4.559037855458213,41.023666666666664,41.09045161290322,42.18897655461924,4.574029849366983,4.522075758172622,4.618466440415347,41.29151515151515,41.09522281639929,43.98705091347785,4.616295635498835,4.535476443218255,4.773818308215673,8.40644441088843
2025-03-21,sz001395,42.59,41.23,42.63,41.18,43201,180232528.18,3.35,-4.8,-2.08,22.4,4.635493799811566,-0.13705526510720656,42.13,42.13533333333333,41.93967096427873,4.575386497858711,4.6279372027767804,4.606515697934556,41.529999999999994,41.848181818181814,41.67930965131637,4.481496136504466,4.554128579500348,4.556623292676171,41.0525,41.408047619047615,41.63760475157093,4.517895828012192,4.522612792509256,4.566319373968056,40.836,41.10376344086022,42.127107099482515,4.5571335357530955,4.526041174330336,4.619564979731232,41.28970588235294,41.1029243697479,43.89665580156054,4.616860287390386,4.5411917207378725,4.769283078431931,8.255833174735207
2025-03-24,sz001395,41.2,41.66,41.98,40.81,25294,104749155.89,2.84,1.04,0.43,13.11,4.403017514222281,-0.2324762855892848,42.098,41.97866666666666,41.84644730951916,4.573561756819836,4.570480874897971,4.5386829700304645,41.644999999999996,41.87181818181818,41.67579880562248,4.500725916358594,4.539859739085404,4.528694969320918,41.147499999999994,41.46590476190476,41.6397376323737,4.521663434370805,4.511672000719741,4.550766815897029,40.80233333333333,41.15692473118279,42.09697115758042,4.5357963108038355,4.516098205199317,4.605594175504848,41.300285714285714,41.133873015873014,43.8233228244602,4.610750493871297,4.53351537593145,4.757274371408664,8.02015053193626
2025-03-25,sz001395,41.55,42.34,42.44,41.3,32127,134827615.88,2.74,1.63,0.68,16.65,4.506870173286499,0.10385265906421814,42.156,42.059333333333335,42.010964873012774,4.588737061089626,4.548250347053525,4.528078704449143,41.815,41.99818181818182,41.796562659145664,4.5237713492219,4.54097687670866,4.524726824587388,41.271,41.57947619047619,41.706429286433355,4.519519394108153,4.510263118711712,4.546586183267455,40.85766666666667,41.25612903225806,42.11265043773653,4.522682295167044,4.5142320027788445,4.599224885039148,41.329166666666666,41.19906906906907,43.77468928923199,4.607864929410608,4.532075094707399,4.7490643976997395,8.12977885507723
2025-03-26,sz001395,42.0,41.92,42.48,41.71,24461,102863569.06,1.82,-0.99,-0.42,12.68,4.388474207630949,-0.11839596565554977,42.092,41.98066666666667,41.980643248675186,4.541280951974014,4.4814960625673,4.481543872176412,41.907,42.017272727272726,41.81900581202827,4.519192226928964,4.516377396419395,4.499953621504399,41.37,41.641285714285715,41.72676935439209,4.518222015592572,4.497782624761502,4.531527899873502,40.89833333333333,41.32466666666666,42.100221377237396,4.514536708366052,4.505573416486192,4.585628067141846,41.34513513513514,41.23701280227596,43.713879804339136,4.60193545044359,4.524517153282323,4.737241768517156,8.012261588973722
2025-03-27,sz001395,41.77,43.25,43.49,41.4,51481,220166831.98,4.99,3.17,1.33,26.69,4.7116469743291605,0.32317276669821116,42.08,42.36666666666667,42.40376216578346,4.529100533856091,4.538284736685682,4.558244906227328,42.14,42.26145454545455,42.07918657347768,4.542743350706781,4.551369168673976,4.538443322017992,41.512,41.82033333333334,41.87183893968808,4.523385551757369,4.516204049403081,4.5486820974407065,41.01199999999999,41.4763870967742,42.17440064322208,4.517213192983556,4.518290207838651,4.5937583192184475,41.39526315789474,41.34024291497976,43.69867063042638,4.604822595809,4.534113554361648,4.736402594937221,8.342751893323124
2025-03-28,sz001395,42.82,41.92,43.08,41.84,34232,144920485.73,2.87,-3.08,-1.33,17.75,4.534432273475876,-0.17721470085328406,42.218,42.31333333333334,42.24250811052231,4.508888228588953,4.54006198322561,4.550307361976844,42.174,42.22145454545455,42.0502435601181,4.542137363223832,4.549858063722903,4.53771404046488,41.584,41.85919047619048,41.87642570733684,4.514170873602257,4.517256118138177,4.547324971348818,41.077,41.53496774193548,42.157987698498076,4.519994166145172,4.51940111625751,4.589930832396346,41.40871794871795,41.369230769230775,43.64035356057633,4.603017715749176,4.534129490317359,4.729780617184391,8.161129780989777
2025-03-31,sz001395,41.68,42.53,43.0,41.15,30509,129043816.26,4.41,1.46,0.61,15.82,4.484427972912833,-0.05000430056304328,42.392,42.41733333333333,42.338338740348206,4.525170320327064,4.531908564666903,4.528347565622174,42.245000000000005,42.286181818181824,42.13747200373299,4.549366038573449,4.539365447302722,4.528025664546326,41.602000000000004,41.949285714285715,41.93867087806667,4.4993468975566895,4.5144234609296605,4.541334781021582,41.164,41.62870967741936,42.18198849214336,4.521379902236432,4.517106523145746,4.583124196300636,41.43675,41.42585365853658,43.60394852580333,4.6000529721782675,4.531705026053724,4.721736268191881,8.110737198120459
